{
	"partitions" : [
		{
			"name" : "Top",
			"pins" : [
				{
					"name" : "out[0]",
					"strict" : false
				},
				{
					"name" : "out[1]",
					"strict" : false
				},
				{
					"name" : "out[2]",
					"strict" : false
				},
				{
					"name" : "out[3]",
					"strict" : false
				},
				{
					"name" : "clk",
					"strict" : false
				},
				{
					"name" : "s_in",
					"strict" : false
				},
				{
					"name" : "rot",
					"strict" : false
				},
				{
					"name" : "arst",
					"strict" : false
				},
				{
					"name" : "dir",
					"strict" : false
				},
				{
					"name" : "en",
					"strict" : false
				}
			]
		}
	]
}