{
	"partitions" : [
		{
			"name" : "Top",
			"pins" : [
				{
					"name" : "sub[0]",
					"strict" : false
				},
				{
					"name" : "sub[1]",
					"strict" : false
				},
				{
					"name" : "sub[2]",
					"strict" : false
				},
				{
					"name" : "sub[3]",
					"strict" : false
				},
				{
					"name" : "overflow",
					"strict" : false
				},
				{
					"name" : "b[0]",
					"strict" : false
				},
				{
					"name" : "a[0]",
					"strict" : false
				},
				{
					"name" : "b[1]",
					"strict" : false
				},
				{
					"name" : "a[1]",
					"strict" : false
				},
				{
					"name" : "b[2]",
					"strict" : false
				},
				{
					"name" : "a[2]",
					"strict" : false
				},
				{
					"name" : "b[3]",
					"strict" : false
				},
				{
					"name" : "a[3]",
					"strict" : false
				}
			]
		}
	]
}