{
	"partitions" : [
		{
			"name" : "Top",
			"pins" : [
				{
					"name" : "Q[0]",
					"strict" : false
				},
				{
					"name" : "Q[1]",
					"strict" : false
				},
				{
					"name" : "Q[2]",
					"strict" : false
				},
				{
					"name" : "Q[3]",
					"strict" : false
				},
				{
					"name" : "in",
					"strict" : false
				},
				{
					"name" : "rot_in",
					"strict" : false
				},
				{
					"name" : "dir",
					"strict" : false
				},
				{
					"name" : "clk",
					"strict" : false
				},
				{
					"name" : "arstn",
					"strict" : false
				},
				{
					"name" : "shift_en",
					"strict" : false
				}
			]
		}
	]
}