{
	"partitions" : [
		{
			"name" : "Top",
			"pins" : [
				{
					"name" : "display[0]",
					"strict" : false
				},
				{
					"name" : "display[1]",
					"strict" : false
				},
				{
					"name" : "display[2]",
					"strict" : false
				},
				{
					"name" : "display[3]",
					"strict" : false
				},
				{
					"name" : "display[4]",
					"strict" : false
				},
				{
					"name" : "display[5]",
					"strict" : false
				},
				{
					"name" : "display[6]",
					"strict" : false
				},
				{
					"name" : "bin[0]",
					"strict" : false
				},
				{
					"name" : "bin[1]",
					"strict" : false
				},
				{
					"name" : "bin[2]",
					"strict" : false
				},
				{
					"name" : "bin[3]",
					"strict" : false
				},
				{
					"name" : "preset[3]",
					"strict" : false
				},
				{
					"name" : "arst",
					"strict" : false
				},
				{
					"name" : "preset[0]",
					"strict" : false
				},
				{
					"name" : "preset[1]",
					"strict" : false
				},
				{
					"name" : "preset[2]",
					"strict" : false
				},
				{
					"name" : "clk",
					"strict" : false
				}
			]
		}
	]
}