{
	"partitions" : [
		{
			"name" : "Top",
			"pins" : [
				{
					"name" : "seg[0]",
					"strict" : false
				},
				{
					"name" : "seg[1]",
					"strict" : false
				},
				{
					"name" : "seg[2]",
					"strict" : false
				},
				{
					"name" : "seg[3]",
					"strict" : false
				},
				{
					"name" : "seg[4]",
					"strict" : false
				},
				{
					"name" : "seg[5]",
					"strict" : false
				},
				{
					"name" : "seg[6]",
					"strict" : false
				},
				{
					"name" : "bcd[1]",
					"strict" : false
				},
				{
					"name" : "bcd[3]",
					"strict" : false
				},
				{
					"name" : "bcd[2]",
					"strict" : false
				},
				{
					"name" : "bcd[0]",
					"strict" : false
				}
			]
		}
	]
}