{
	"partitions" : [
		{
			"name" : "Top",
			"pins" : [
				{
					"name" : "segment[0]",
					"strict" : false
				},
				{
					"name" : "segment[1]",
					"strict" : false
				},
				{
					"name" : "segment[2]",
					"strict" : false
				},
				{
					"name" : "segment[3]",
					"strict" : false
				},
				{
					"name" : "segment[4]",
					"strict" : false
				},
				{
					"name" : "segment[5]",
					"strict" : false
				},
				{
					"name" : "segment[6]",
					"strict" : false
				},
				{
					"name" : "clk",
					"strict" : false
				},
				{
					"name" : "arstn",
					"strict" : false
				},
				{
					"name" : "en",
					"strict" : false
				}
			]
		}
	]
}